180419;100jHQET-qoWw3vFlsiRe0Uc8m1eV6azKWBaexTK6BoU
190419;1MNTq3cMxpgdl8-ydkYkiRGv5lST46O_v9t-5W_E9GaA
200419;1NnFj8sdOSRWe8nZ9EwbueqPpm74nIMQT2JYWeudfpYU
210419;1PAI1VOC4J7A6CfdLEyjWnak-3DWNVxnSe7L7GJdsKHE
220419;1SLbRr6vOnZdOAI6sz8gwk5aDhchJq5rf_MPtjbBUSSk
230419;1KNkDwNyI2e9o0F6y-XSlCk1DuadFQEMr_tMrx897TvU
240419;1FIZ5UzLfEJFATly2H4xeRmjbfy_VUJe7mzCUdUiz7uc
250419;1sWANy6V_xyhFiSUdd9UzUvoezBRFIZ3FAvyqvCeKVf8
260419;1m-iCsgTORw-u1dka5cOqRYys4QMZkHR_qnwqs_s39Eg
270419;1x0VXJrX2Q-tB54e610_Jm6X7baW4-vah4ZLFwfwlVaY
290419;1-DIW0JQv3dX1G-DTrxExr7YtylmG6GTZqU11N3turZQ
280419;1G-TkVw3h51ws6rz42QgI5g0vSacCssNq-48MAi_8guA
300419;1LiBoljAjpMMngh-0o5pAS4QAoSJy__6VIvgD2oiONWE
010519;179FsYyGg46xSI29DCyXhTvs322R-mPxWHnRsimQsV8w
020519;1xe0x3IvolezHX5YXQEora8xKveYoJsJsmR67Dryt7yo
030519;1a3cajg369vFdVjTSExKnf7h9xgMdrgjSOZQidd19gbQ
040519;1o_MTiO0pLQnqjVfhrZYpVs5SBLXtY-Ul-1czesznJ8g
050519;1TPLBPilt495IlCWlDgO_y9h3J0zf1OmAGb-YkBYDkIE
060519;1hPBFYeghf0rHRFudjy00Ut9qc7WMZ1cn9XwK2e8NZmg
070519;180zwfutPFCputg7myxycYYB1XhIhrewMGIjfvJ9j-LA
080519;1dbMuc3qtU9ruC_9uT0-SYCFBFiq9Dr6P9C7w_kljKZ8
090519;11M7xzhnFLtrJRoLiUuD80dh8bd_vBmMRTxxPDEn44iE
100519;10egDmQ9ZATTsePI4JxUnMgLYO5iB-BKH5ixeJdOGBbc
110519;1tV9EY4Y-mPjq6t0PbYKt96XkApj2NeEtpPLQLY3RyFE
120519;1-p_P_jNuzax1k2AXD5y_S7uMhDf7m12fJeL8IkKsI-M
130519;19oLkP_hmCDoMt-W45kidag3qBB5woFlhpAnmUeTI3B4
