g_1_SzQDZAeD;Argentino de Merlo;Real Pilar
g_1_rXe9xDBf;Liniers;Central Ballester
g_1_xAs73Td4;Artsakh;Pyunik Yerevan
g_1_KYWB2mCA;Banants Yerevan;Ararat Yerevan
g_1_YB9s9zgl;Perth Glory;Adelaide United
g_1_IJ3orpul;Bentleigh Greens;Port Melbourne Sharks
g_1_dA2ks4ff;Dandenong City;Kingston City
g_1_Cvb8lP9o;Bayside;Grange Thistle
g_1_dSm7E7Rh;Adelaide Comets;Adelaide City
g_1_hnBaqE7N;Redlands;Eastern Suburbs
g_1_4KgkziNJ;FC Juniors;Wattens
g_1_GfcgZAxQ;FK Austria Vienna (Am);A. Lustenau
g_1_CQrPTl0m;Horn;BW Linz
g_1_fkCbDTF6;Kapfenberg;Wacker Innsbruck (Am)
g_1_OOG2CmVC;Liefering;Neustadt
g_1_YZqLUUps;Vorwarts Steyr;Floridsdorfer AC
g_1_h4UZhAPR;Bruck Leitha;Traiskirchen
g_1_xx66mlmk;Parndorf;Admira (Am)
g_1_fDG1lUXr;SK Rapid Vienna (Am);Mattersburg (Am)
g_1_OpEg9V98;St. Polten (Am);Wiener Sportklub
g_1_2yDc8kPE;Wiener Linien;Leobendorf
g_1_Oh8IpnX7;Ebreichsdorf;Neusiedl
g_1_juAAn82e;Marchfeld;Stadlau
g_1_p29EoSH1;Mauerwerk;Schwechat
g_1_ruGH1Cx3;Allerheiligen;WSC Wels
g_1_GYNVw9pd;Gleisdorf;Kalsdorf
g_1_4lHD2hNd;SC Weiz;Sturm Graz (Am)
g_1_EciE16wd;Vocklamarkt;Grazer
g_1_Q35M0Wi9;Volkermarkt;Deutschlandsberger
g_1_W08UbAML;Wels;Lendorf
g_1_8rsC3nmG;Altach (Am);Saalfelden
g_1_6Jpe7Umi;Grodig;Kufstein
g_1_0Iw458I3;Seekirchen;Schwaz
g_1_fHKRhI3q;BJMC;Mohammedan
g_1_8KOVixJk;Rahmatgonj MFS;Saif Sporting Club
g_1_tfIuVx63;Slavia Mozyr;FC Minsk
g_1_zeKmiw68;St. Liege;Gent
g_1_APbvIhYb;Gent W;St. Liege W
g_1_xxrRKj3b;Sao Bento;Botafogo SP
g_1_dvbSIUXA;Coritiba;Londrina
g_1_8QwRowwT;Botafogo PB;Nautico
g_1_Q1lMnJNM;Fortaleza;Santa Cruz
g_1_OIBDA113;Ferroviaria W;Ponte Preta W
g_1_pSC9Bsnc;Corinthians W;Iranduba de Amazonia W
g_1_ENOWcgNC;Etar;Lok. Plovdiv
g_1_K0PSbZ76;Slavia Sofia;Botev Vratsa
g_1_CvAa9qP6;Botev Galabovo;Tsarsko Selo
g_1_OEyCIm2K;CSKA 1948 Sofia;Lok. Gorna
g_1_fZ38SUl1;Tianjin Teda;Shanghai Shenhua
g_1_juE88I9U;Gorica;Istra 1961
g_1_dtLaAvuI;Hajduk Split;Slaven Belupo
g_1_6oaHMNBi;Dragovoljac;Varazdin
g_1_UJOKMudo;Sesvete;Hajduk Split 2
g_1_EBbLLsRc;Medjimurje Cakovec;NK Dinamo Zagreb 2
g_1_IHfuMzOa;Velke Mezirici;Otrokovice
g_1_WI33QkFo;Kromeriz;Vyskov
g_1_ziKQ8XZA;Odense;Esbjerg
g_1_t0FwOOEb;Zamalek;Wadi Degla
g_1_8rRdpCHb;Al Ittihad;Enppi
g_1_j7G1qWW4;El Gounah;Arab Contractors
g_1_UcF5rjnB;El Masry;Haras El Hodood
g_1_xOE9sA1H;El-Entag El-Harby;El Ismaily
g_1_fuNhoh2h;Misr Elmaqasah;Nogoom FC
g_1_b9mWzuvq;Santa Tecla;Metapan
g_1_lzbdss1F;Pasaquina;Alianza FC
g_1_zkXZXhjp;Tranmere;Forest Green
g_1_WSfUhujI;Kuressaare;Maardu
g_1_vZeBrBys;Chelsea;Eintracht Frankfurt
g_1_8OWxQnVq;Portugal U17;Iceland U17
g_1_jmMsP6pj;Russia U17;Hungary U17
g_1_nZ5pqSyM;Austria U17;Germany U17
g_1_hC6tp8MF;Italy U17;Spain U17
g_1_4pavgOnC;St Etienne;Montpellier
g_1_AVyZHjVA;AC Ajaccio;Lens
g_1_rqzsGUaN;Brest;Niort
g_1_0KUoFlFT;Clermont;Troyes
g_1_4hywHApH;GFC Ajaccio;Chateauroux
g_1_2TGDA8Np;Grenoble;Auxerre
g_1_GW4eZi0o;Lorient;Sochaux
g_1_S68aYBFi;Nancy;Metz
g_1_AVc4XVUc;Orleans;Beziers
g_1_lMd8Wkp4;Red Star;Paris FC
g_1_Ie1CV9aA;Valenciennes;Le Havre
g_1_6VzmiET1;Lokomotiv Tbilisi;Torpedo Kutaisi
g_1_b5Xvgzak;Rustavi;Saburtalo Tbilisi
g_1_Wdh0RRvd;SC Weiche-08;Lubeck
g_1_WhxanTGL;Drochtersen/Assel;Oldenburg
g_1_EwTvkKYt;Hertha Berlin II;Lokomotive Leipzig
g_1_lvl2Nufb;Koln II;Rodinghausen
g_1_KCkY3S8A;Bayern II;Furth II
g_1_ADbFrQWL;Greifswald;Neustrelitz
g_1_l4cJspnS;Staaken;Wismar
g_1_bwqkxO9k;TB Berlin;Altludersdorf
g_1_AioInk1q;Plauen;Eilenburg
g_1_vZZwZknk;Bremer;Leher
g_1_IPYsY91e;Brinkumer;Schwachhausen
g_1_CnYoXTG1;Oberneuland;Werder Bremen III
g_1_SAz4EWq9;Arminia Hannover;Wolfenbuttel
g_1_MBhxdOTs;Braunschweig II;Eintracht Northeim
g_1_GYiterql;Cloppenburg;Bersenbruck
g_1_MDqEi9xd;Wunstorf;Delmenhorst
g_1_h88VGxMS;Hertha Wiesbach;TuS Koblenz
g_1_IkthYwi3;Emmelshausen;Mechtersheim
g_1_n3XptaHh;Merten;Hurth
g_1_nXCL8D1J;St Josephs;Gibraltar Phoenix
g_1_lG5k6Ihc;CD Honduras;Real de Minas
g_1_QRNGhxk1;Dreams;Kitchee
g_1_CU030vDI;Hafnarfjordur;KA Akureyri
g_1_Mu8j3tTa;Stjarnan;Kopavogur
g_1_vH2e20r6;Breidablik;Vikingur Reykjavik
g_1_tGcB5QNm;Afturelding;Leiknir
g_1_xriK34h0;Fram;Fjolnir
g_1_K6dF4pwf;Grotta;Throttur
g_1_IRq2Lfw7;Throttur Vogar;Kari
g_1_KKREXK2J;Al Hussein;Al Diwaniya
g_1_Cf4HSAaf;Al Naft;Al Karkh
g_1_GjDpSbQt;Al-Hudod;Naft Missan
g_1_fJgMRUE0;Erbil;Al Quwa Al Jawiya
g_1_Y35DTjpl;Al Shorta;Al Kahraba
g_1_bHFVJobp;Bohemians;Dundalk
g_1_CKJZI5Dj;Cork City;UC Dublin
g_1_C0NxXXl0;Derry City;St. Patricks
g_1_zDPHD8aa;Drogheda;Limerick
g_1_lGTLCSE5;Shelbourne;Athlone
g_1_WvJQBnUB;Wexford;Cobh Ramblers
g_1_8ER6sqyb;H. Nazareth Illit;Ashkelon
g_1_n5QAt3j4;Hapoel Katamon;Hap. Ramat Gan
g_1_EiS2rPLi;Hapoel Kfar-Saba;Beitar Tel Aviv
g_1_4tLFuN5A;Nes Tziona;Hapoel Afula
g_1_bc3yllOI;Cagliari U19;Napoli U19
g_1_4z4XlU8C;Udinese U19;AC Milan U19
g_1_f96J5dvh;Al Ahli;Al Buqaa
g_1_GI7F6xPo;Al Hussein;Al Salt
g_1_EDTWsgno;Al Jazeera Amman;Al-Faisaly Amman
g_1_n1hXPuRp;Flamurtari;Drenica
g_1_l6WFlP3o;KF Ballkani;Gjilani
g_1_zNUNn3Yc;Trepca 89;Ferizaj
g_1_jHwn9tnt;Al Arabi;Al-Fahaheel
g_1_KdV25bo5;Al Jahra;Al Tadamon
g_1_nqXf7KGh;Al Kuwait;Al Salmiya
g_1_U7xj801n;Al Qadisiya;Al Shabab
g_1_QZVb6vWb;Kazma SC;Al Naser
g_1_4d1MQbCO;Kupiskis;Vilniaus Vytis
g_1_l81qLbBj;Macau U23;Tak Chun Ka I
g_1_SGod43BM;Kedah;PKNS FC
g_1_Kjrl6PtA;Pahang;Terengganu
g_1_ENWQR11S;Necaxa;Monterrey
g_1_h8rITNWF;Club America;Cruz Azul
g_1_fLhoy2l1;FAR Rabat;Wydad
g_1_z5yipqCd;Nijmegen;Waalwijk
g_1_M1XnoPdj;Cambuur;Almere City
g_1_hQXcaqcs;USA U17;Guadeloupe U17
g_1_Ojik0MxP;Madla IL;Brodd
g_1_lYbx3Oh6;Donn;Mandalskameratene
g_1_4UjodxPC;Al Khaleel;Wadi Al-Nes
g_1_IDhwbbf0;Jabal Al Mukaber;Al Quds
g_1_d4iscI96;Markaz Tulkarm;Merkaz
g_1_rulEIhSP;Ayacucho;Cajamarca
g_1_p064VGgn;Arka Gdynia;Zaglebie Sosnowiec
g_1_SrxjCggO;Wisla;Korona Kielce
g_1_WhULebDm;Cracovia U18;Motor Lublin U18
g_1_n7DZfvK7;Aves;Moreirense
g_1_0vuENXir;FC Botosani;Voluntari
g_1_d6YMLBMf;Din. Bucuresti;Gaz Metan Medias
g_1_r3AHVxp0;Arges Pitesti;Ripensia Timisoara
g_1_Gz7accJk;Orenburg;Ural
g_1_jgNK4uRF;Dynamo Moscow;FK Rostov
g_1_bJQS2JeS;FK Anzi Makhackala;Arsenal Tula
g_1_403ebw4q;Lokomotiv Moscow;Rubin Kazan
g_1_2Rm0YJRN;Anzhi U21;Arsenal Tula U21
g_1_lOqdZaCH;Krasnodar U21;Yenisey U21
g_1_WEuvBjxd;Fiorentino;Folgore
g_1_ljjZBWMk;Juvenes/Dogana;Murata
g_1_fHCbfQ1d;Al Jabalain;Al-Shoalah
g_1_M3EjdnXq;Al-Nahda;Al-Washm
g_1_GQDfe6nj;Hajer;Al Taee
g_1_KAWxITg3;Jeddah;Al Orubah
g_1_tKXYI9vc;Najran;Al Jeel
g_1_EeEkkDqb;Aberdeen;Hearts
g_1_hW2kr24A;Proleter;FK Crvena zvezda
g_1_Kb4B8ART;Home Utd;Tampines
g_1_W2yvH2kC;Lok. Kosice;Trebisov
g_1_lCmbYde1;Domzale;ND Gorica
g_1_KxqfZxte;Rudar;Aluminij
g_1_SSDePCHA;Godoy Cruz (Arg);U. De Concepcion (Chi)
g_1_AkYAv4vC;Olimpia Asuncion (Par);Sporting Cristal (Per)
g_1_UgPmjtMQ;Boca Juniors (Arg);Athletico-PR (Bra)
g_1_6FGFo0Us;Wilstermann (Bol);Deportes Tolima (Col)
g_1_tEhaUfbP;Sangju Sangmu;Seongnam
g_1_lGkbOH8d;Granada CF;Tenerife
g_1_YcYZnoTE;Roda;Jove
g_1_4pNoM0hq;Tamaraceite;Las Palmas C
g_1_UiGJK3GF;Guadalajara;Atl. Ibanes
g_1_Uo7ehJfl;Hammarby;Sirius
g_1_dnWBrX2d;GAIS;Frej
g_1_UR00185p;Uddevalla;Stenungsunds
g_1_MFS09iv2;Bromolla;Karlskrona
g_1_lUrqfl3r;Servette;Lausanne
g_1_z9eHQ5UN;Al Karamah;Al-Ittihad
g_1_8dQVqTUo;Al Majd;Al Nawaeir
g_1_nmPZrmph;Al Taliya;Al-Sahel
g_1_6kuysRE4;Al Wahda;Tishreen
g_1_fgxlLqho;Herafio Halab;Al Shorta
g_1_SbtXs7ab;Hottin;Wathbah
g_1_CMQ7tuwm;Antalyaspor;Bursaspor
g_1_Y5lYnjyg;Kizilcaboluk Spor Kulubu;Erokspor
g_1_MVpUmWLn;Nevsehirspor;Tire
g_1_OfsoplLB;Serik Belediyespor;Karacabey Birlikspor
g_1_fLxsoU55;Yeni Corumspor;Kocaelispor
g_1_S8oQlC6t;Ergene Velimese;Nazillispor
g_1_GUwwnAja;Karsiyaka;Van Buyuksehir Bld.
g_1_Gzkv1WtD;Ahal;Altyn Asyr
g_1_YBaZ1CR6;Energetik;FC Asgabat
g_1_ppSZ5vSr;Inhulets;Obolon Brovar Kyjev
g_1_Clg6boFJ;Mykolaiv 2;Kremin
g_1_pxxvYrkt;Kalush;Nyva Vinnytsya
g_1_AqFNZ1xJ;Tavriya;Krystal
g_1_viHJPrFl;Dynamo Kiev U21;Zorya U21
g_1_8QLNO2Uf;Shakhtar Donetsk U21;Oleksandriya U21
g_1_OzazMLVA;Desna U21;Lviv U21
g_1_IcbvLuoH;Mariupol U21;Ch. Odessa U21
g_1_pp0WM1G4;Olimpik Donetsk U21;Karpaty U21
g_1_zkVJMy13;Al Dhafra;Al Fujairah
g_1_dbWFNHoc;Al Nasr;Shabab Al-Ahli Dubai
g_1_dME2ED8q;Bani Yas;Ittihad Kalba
g_1_UBUNLeG9;Emirates Club;Al Jazira
g_1_KYtfVpLt;Sogdiana;Andijan
g_1_jJ6pBszP;Nasaf Qarshi;Qizilqum
g_1_SCNtfCr1;Binh Duong;Sai Gon FC
g_1_l6WaEofi;Newtown;Bala
g_1_KvQYQzZO;Mexico U20 W;North Korea U20 W
g_1_Mq4HkKBP;France U19 W;Haiti U20 W
g_1_OhjqovKt;Gabon U20 W;Japan U19 W
g_1_rTkvIZNQ;Malawi;Eswatini
g_1_2HYtJF8K;Seychelles;Botswana
g_1_EVCTxPg8;Laci;Kamza
g_1_KxV8pR1m;Besa Kavaje;Oriku
g_1_2ZNOzHYL;Beselidhja Lezha;Korabi Peshkopi
g_1_xEPDqoHg;Egnatia Rrogozhine;Lushnja
g_1_KAYJycJF;Erzeni;Dinamo Tirana
g_1_jgTnJ6P9;Cerrik;Tomori Berat
g_1_A1vV81p5;Koplik;Burreli
g_1_YHIiIQvG;Pogradeci;Apolonia Fier
g_1_SxkQ9sVb;Vora;FC Shenkolli
g_1_nmTX4ciR;Bel Abbes;Mlila
g_1_2aRL7a78;Bordj Bou Arreridj;CR Belouizdad
g_1_EZUP6JME;Constantine;JS Kabylie
g_1_0f98beUf;Hussein Dey;ES Setif
g_1_6X94ayFl;MO Bejaia;Paradou
g_1_8dUT5wxL;Saoura;MC Alger
g_1_EcDCcFq1;Tadjenant;Oran
g_1_StB00Har;USM Alger;Medea
g_1_h8SVYiSk;Encamp;Ordino
g_1_MsXZXBsd;Lusitanos;UE Santa Coloma
g_1_zifJysK4;C.R.D. Libolo;Progresso
g_1_2wdBw3kh;Saurimo;Santa Rita
g_1_p216vqzn;Sporting de Cabinda;ASA
g_1_UqCSbHNC;Tigre;Racing Club
g_1_C0oYBqF9;Nueva Chicago;Ind. Rivadavia
g_1_GYiPD5pc;Sarmiento Junin;Brown Adrogue
g_1_ETXT6XYN;Talleres (R.E);Tristan Suarez
g_1_W4rP7DJH;Comunicaciones;Atletico Atlanta
g_1_pltDAFZb;Defensores Unidos;Acassuso
g_1_AHY0DHkt;Fenix;CA Estudiantes
g_1_MNfDyXQ0;Argentino de Rosario;Atlas
g_1_tvEebfYD;Juventud Unida S. M.;Deportivo Paraguayo
g_1_lAd5wgdl;Lugano;Def. de Cambaceres
g_1_YyyG17RG;Shirak Gyumri;Gandzasar
g_1_tCoChkrt;Wollongong Wolves;Rockdale City Suns
g_1_8OGcZRsI;Sutherland Sharks;Sydney FC U21
g_1_jm62YocO;APIA Tigers;Manly Utd
g_1_GCIjurP6;Hume City;Melbourne Knights
g_1_OxMbwMgJ;Altona Magic;South Melbourne
g_1_AZHfv2vD;Heidelberg Utd;Avondale FC
g_1_Qs0s25WJ;Dandenong Thunder;Green Gully
g_1_jVdCmqPi;Taringa;The Gap
g_1_86iHn3vb;University of Queensland;Toowong
g_1_tKkPps9A;Albany Creek;North Pine
g_1_ncjLoNg4;Caboolture;Brisbane K.
g_1_fNgTq1OG;Acacia Ridge;Centenary Stormers
g_1_r3lJCHvB;Cockburn City;Perth Glory U21
g_1_GGnRAe9N;ECU Joondalup;Floreat Athena
g_1_xQmNByfH;Perth SC;Armadale
g_1_l4HuUI9o;Rockingham City;Bayswater
g_1_z1Tc5ZWp;Sorrento;Balcatta
g_1_YisW9FOT;Stirling Lions;Inglewood Utd
g_1_nHtKB5BB;NE Metrostars;West Adelaide
g_1_E3rCDRta;Blue Eagles;Adelaide Raiders
g_1_hfsGCod5;Croydon Kings;Campbelltown City
g_1_0KpOAPQH;Adelaide Olympic;Para
g_1_YcSdrYMT;Peninsula;Moreton Bay Utd
g_1_0tMI8qgP;SWQ Thunder;Brisbane City
g_1_2k8p431t;Magpies Crusaders;Brisbane U21
g_1_z7EOwhVp;Western Pride;Brisbane Strikers
g_1_Iqa5c0YA;Cooma;Riverina
g_1_dKsM8NqM;Hamilton Olympic;Maitland
g_1_CWR1jsCh;Magenta (Nca);Hienghene (Nca)
g_1_dUv13dur;Altach;Admira
g_1_AXr52Gfl;Hartberg;Mattersburg
g_1_4fr91zAf;Rapid Vienna;Wacker Innsbruck
g_1_GbDfE900;Ried;Lafnitz
g_1_dMd92nOk;AC Wolfsberger (Am);Bad Gleichenberg
g_1_xv9Qaj7F;Union Gurten;Stadl Paura
g_1_nZuG262M;Bischofshofen;Dornbirn
g_1_EPc9qRep;Johann;Kitzbuhel
g_1_hGdDroBj;Langenegg;USK Anif
g_1_Igla6l3c;Wals-Grunau;Hohenems
g_1_GhKGrYzb;Altenmarkt W;Bergheim W
g_1_bNYu5jUc;Sabail;Keshla
g_1_40Zy6WEi;Sabah Baku;Zira
g_1_fkSl3UbA;SumQayit;Gabala
g_1_xEXq4Aq4;Neftci Baku;Qarabag
g_1_AFsBFc6G;Isloch Minsk;Energetik-BGU
g_1_zcRk8Fbj;Dnepr;Neman
g_1_SjEyWIjc;Brest;Gorodeja
g_1_ILWp9eqp;Zhodino;Slutsk
g_1_8SGu8s4E;Beerschot Wilrijk;Charleroi
g_1_2kGq71JK;Oostende;Westerlo
g_1_j3d1tyAt;Waasland-Beveren;Cercle Brugge KSV
g_1_YRo6uePn;Waregem;Kortrijk
g_1_CIpAvFvg;St. Gilloise;Mouscron
g_1_4Ab8FfpS;Deinze;Thes Sport
g_1_QJa4GzVL;Virton;Lierse K.
g_1_WYazJYIh;RSC Anderlecht W;Genk W
g_1_K05cvDNM;Bolivar;Real Potosi
g_1_tA6gug8G;Always Ready;Royal Pari
g_1_SSg0F7aJ;Celik Zenica;Zrinjski
g_1_tzAGHctm;Mladost DK;Siroki Brijeg
g_1_2qBCIwRt;Radnik Bijeljina;Zeljeznicar
g_1_lxedGmpD;Sloboda;Krupa
g_1_W0KtOa3J;Tuzla City;FK Sarajevo
g_1_p4OpNJIP;Zvijezda 09;GOSK Gabela
g_1_EFONEksB;Bratstvo Gracanica;NK Novi Travnik
g_1_6kLFGBCb;Capljina;Gradacac
g_1_fBicbUdU;Jedinstvo Bihac;Olimpic Sarajevo
g_1_WWS2JDSu;Kakanj;NK Vitez
g_1_rylgaAsO;TOSK Tesanj;Gorazde
g_1_ANR6IXsn;Velez Mostar;HNK Orasje
g_1_0CKJFVR4;Visoko;Metalleghe
g_1_SbMBHich;Zivinice;Igman K.
g_1_6cwq8eh0;Kozara;Podrinje Janja
g_1_OYmv9ywf;Prijedor;Borac Banja Luka
g_1_prkzAHNm;Zeljeznicar Banja Luka;Sloga Crnjelovo
g_1_S0NZoBz5;Drina Zvornik;Tekstilac
g_1_APSUniLb;Mrkonjic Grad;Slavija
g_1_6iMwoVkB;Sutjeska Foca;Modrica
g_1_S4mOPJYs;Fluminense;Botafogo RJ
g_1_boqNLWmh;Bragantino;Atletico GO
g_1_ImaOJAI4;Vila Nova FC;Ponte Preta
g_1_441zH82N;Criciuma;America MG
g_1_lxw7BnQp;Sport Recife;Figueirense
g_1_IiTlppw1;Volta Redonda;Tombense
g_1_QglAiSpR;Luverdense;Remo
g_1_radAwXCG;Palmeiras U20;Cruzeiro - MG U20
g_1_E74Q7aoM;Santos W;Flamengo W
g_1_WrFL8uWF;Internacional W;Vitoria W
g_1_Uw95DG44;Botev Plovdiv;Beroe
g_1_Q52EBfZG;CSKA Sofia;Ludogorets
g_1_xMHnCoul;Litex Lovech;Montana
g_1_619383vD;Arda;Pomorie
g_1_by6eAP90;Kariana Erden;Dobrudzha
g_1_6wRGH7HQ;Nesebar;Lok. Sofia
g_1_8nDrDRPs;Pirin Blagoevgrad;Chernomorets Balchik
g_1_GWU0q1gH;Electricite Du Cambodge;NagaWorld
g_1_S6Y4rL8N;Visakha;Boeung Ket
g_1_AVN9suOT;National Defense;Sports Academy
g_1_UuQY9crs;Valour;HFX Wanderers
g_1_4dweWTEi;Antofagasta;Huachipato
g_1_f5fkt5rG;Deportes Iquique;Union La Calera
g_1_0v5ZPngB;Curico Unido;O'Higgins
g_1_IwQzbeo9;Deportes Temuco;Magallanes
g_1_Kh7XbyW2;La Serena;S. Wanderers
g_1_vgEqdZFL;Melipilla;Barnechea
g_1_ld3CRl47;Dalian Yifang F.C.;Wuhan Zall
g_1_6XXdZ0ND;Chongqing Lifan;Beijing Renhe
g_1_Sn2GQ8JD;Hebei;Henan Jianye
g_1_EqMTscqr;Guizhou Zhicheng;Nantong Zhiyun
g_1_hzLXtHbl;Heilongjiang Lava;Sichuan Annapurna
g_1_l2EtueT0;Nei Mongol;Zhejiang Greentown
g_1_pUVcmJLK;Shaanxi Changan;Meizhou Hakka
g_1_rPDpvFr7;Xinjiang Tianshan;Beijing EG
g_1_d4Z1nwyR;Guangdong Tigers;Qingdao Huanghai
g_1_ABFxtyEf;Liaoning;Shanghai Shenxin
g_1_jRvYtXbp;Baoding Yingli Yitong;Shanxi Xindu
g_1_4032B9qt;Hangzhou Wuyue;Guangxi Baoyun
g_1_WMHK4zii;Jiangsu Yancheng;Shenyang Urban FC
g_1_I376ATbn;Lhasa Chengtou;Kunshan
g_1_CQ6A9mEh;Nanjing Shaye;Zhejiang Yiteng
g_1_rcLO3f6c;Qingdao Red Lions;Qingdao Jonoon
g_1_UHwxtiEj;Xian Daxing Chongde;Hebei Elite
g_1_xKKS2EL3;Yanbian Beiguo;Dalian Chanjoy
g_1_GAJW1YzA;Jilin Baijia;Yinchuan Helanshan
g_1_jH5E87Tb;Wuhan Three Towns;Fujian Tianxin
g_1_WSMB7Rr5;Yunnan Kunlu;Jiangxi Liansheng
g_1_YoEy1hjG;Beijing Technology;Inner Mongolia
g_1_CxDu0C5M;Zibo Sunday;Taizhou Yuanda
g_1_AJLF6obB;Hubei Chufeng Heli;Hunan Billows
g_1_4tLJ55DH;Chengdu Qianbao;Sichuan Jiuniu
g_1_IqPN4PSN;Suzhou Dongwu;Shenzhen Pengcheng
g_1_48ZtAYu3;U. Magdalena;Dep. Pasto
g_1_6ilISLfn;Lok. Zagreb;Osijek
g_1_S0kET1ut;Rijeka;D. Zagreb
g_1_h2cPK1t4;Zadar;Osijek 2
g_1_Sf0DN3do;Sibenik;Kustosija
g_1_MRtI4wW9;Omonia;APOEL
g_1_dKq67uni;AEL Limassol;Nea Salamis
g_1_KQ2bCJ46;Ayia Napa;Anagennisi Derynia
g_1_C0ajEuzf;Chloraka;Othellos Athienou
g_1_joBsG15s;Karmiotissa;Ol. Nicosia
g_1_Ghd7AcZI;M.E.A.P. Nisou;Achnas
g_1_tz4fDak0;Paeek;Aris
g_1_2kh3BwKC;Sotiras;Omonia Aradippou
g_1_Y90nFLKm;Thoi Lakatamias;ASIL Lysi
g_1_UepkZtCJ;Zakakiou;Voroklinis
g_1_6DLt6Ref;Jablonec;Ostrava
g_1_zmQp5oB0;Sparta Prague;Liberec
g_1_SMx13pcA;Bohemians 1905;Slovacko
g_1_6Dy524CG;Opava;Dukla Prague
g_1_0zy91ORM;Pribram;Karvina
g_1_S8mzN1WR;Chrudim;Vlasim
g_1_fekSON1F;Sokolov;Znojmo
g_1_21v2ILvq;Trinec;Zizkov
g_1_hjXEFJO1;Vitkovice;Brno
g_1_8Y98THa6;Benesov;Kraluv Dvur
g_1_lpR5SyFC;Prevysov;Olympia Radotin
g_1_zLB0VwVg;Dobrovice;Zapy
g_1_0OfOpJUt;Velvary;Domazlice
g_1_OEcmKEhC;Dolni Benesov;Hlucin
g_1_CvfqLfw6;Rymarov;Hodonin
g_1_r3AL16xo;Frydek-Mistek;Lisen
g_1_hYiCOTqb;Uhersky Brod;Hulin
g_1_MebP87MD;Brabrand;Skive
g_1_za2T7RyK;Jammerbugt;Aarhus Fremad
g_1_UL1X6oiQ;Middelfart;Hellerup
g_1_biKe1PEm;Bronshoj;Ringkobing
g_1_WUma25as;Kolding IF;B.93
g_1_x42zpIp6;Tarup-Paarup;Dalum IF
g_1_lv6vqx0C;Kjellerup;Odder
g_1_AgfmsGUO;BK Frem;Slagelse B&I
g_1_b9mV5a7P;Hillerod;Sydvest
g_1_W2eqrdFI;Marienlyst;Skovshoved
g_1_j1gcEFiP;Brondby W;Fortuna Hjorring W
g_1_AozU8gFn;KoldingQ W;BSF W
g_1_SMpP9Zat;Thisted FC W;VSK Aarhus W
g_1_OzZjmO38;Naesby W;Aalborg W
g_1_xvwenrJE;B93 W;Vildbjerg W
g_1_tYEZXIDs;Universidad O&M;Vega Real
g_1_WM7nVGc0;San Cristobal;Atlantico
g_1_KQWCcNch;Dep. Cuenca;Macara
g_1_SjzLe1S4;Fuerza A.;America de Quito
g_1_dCRsP1oj;Al Ahly;Smouha
g_1_EmxwQsWq;Petrojet;El Gaish
g_1_EavCbmz5;Aston Villa;West Brom
g_1_Kxu8aTKb;Derby;Leeds
g_1_r5XTgzD3;Sunderland;Portsmouth
g_1_zXu3hoQa;Salford;AFC Fylde
g_1_vH4EguRI;Met. Police;Tonbridge
g_1_hK8IhatP;Warrington;Kingâ€™s Lynn
g_1_fyiJ2Ld0;Arsenal W;Manchester City W
g_1_YRkN1uC6;Liverpool W;Everton W
g_1_GjuS0aRC;Reading W;Chelsea W
g_1_UgqWaJtJ;West Ham W;Brighton W
g_1_rcXDO2JJ;Yeovil W;Birmingham W
g_1_pxjyQfJa;Aston Villa W;Crystal Palace W
g_1_bLiTRGlm;Charlton W;Leicester W
g_1_KUhPSdZt;Durham W;Tottenham W
g_1_EmGdXxRP;Manchester Utd W;Lewes W
g_1_6oiXQz4g;Sheffield Utd W;Millwall W
g_1_vgbxiJKU;Levadia;Tammeka
g_1_6qCtdBHu;Narva;Paide
g_1_Srt95nA4;Tallinna Kalev U21;Elva
g_1_pKzE46PA;Rakvere;Flora U21
g_1_KtRW7Of1;Denmark U17 W;Bulgaria U17 W
g_1_bXPz7rA7;Portugal U17 W;Spain U17 W
g_1_CU2cOqur;Germany U17 W;Austria U17 W
g_1_jL11N3fl;Netherlands U17 W;England U17 W
g_1_d22pBf7H;HJK;SJK
g_1_lxaxDGx5;Honka;VPS
g_1_SSctCzhB;KPV Kokkola;Lahti
g_1_ttJJBKgT;AC Oulu;Haka
g_1_U5FFC0vN;MuSa;Jaro
g_1_nNen7v2p;MyPa;AC Kajaani
g_1_nHdmFksC;Viikingit;Mikkelin
g_1_Gj1iE9dI;Klubi 04;PEPO
g_1_0ELnyqIj;Espoo;EPS
g_1_6B8YbnAc;Gnistan;KaaPo
g_1_lzbwb6P3;Ilves 2;Jazz Pori
g_1_SK9UaSfi;P-Iirot Rauma;Honka Akatemia
g_1_2w2scQvA;SalPa;KaPa
g_1_E950wl13;Rovaniemi 2;VIFK
g_1_W4f0eVKo;Jypk W;HJK W
g_1_Aeg4fkzh;TiPS W;ONS Oulu W
g_1_hKr9g9kb;KuPS W;Ilves W
g_1_6NnDhT44;TPS W;Myran W
g_1_0pnHimKA;Aland Utd W;Honka W
g_1_Srje38AJ;Angers;Paris SG
g_1_QwCCvPXI;Amiens;Toulouse
g_1_tnfa2SPP;Caen;Reims
g_1_bRtRcnYt;Dijon;Strasbourg
g_1_ITdSeQ2g;Nice;Nantes
g_1_dKeWfpIa;Nimes;Monaco
g_1_KEYzfGqq;Bolnisi;Dila Gori
g_1_hSWrhfEe;Chikhura;WIT Georgia
g_1_8zFVFc62;Dinamo Batumi;Dinamo Tbilisi
g_1_jLBhtp9E;Augsburg;Hertha Berlin
g_1_2aVcK2ne;Bayer Leverkusen;Schalke
g_1_jPRgLrXl;Dortmund;Dusseldorf
g_1_prBdu4OK;Hannover;Freiburg
g_1_80xkMOHr;Hoffenheim;Werder Bremen
g_1_boF0vOwR;Nurnberg;B. Monchengladbach
g_1_dMU1JM11;RB Leipzig;Bayern Munich
g_1_zDT5ItH7;Stuttgart;Wolfsburg
g_1_zeYHmYDt;Energie Cottbus;Aalen
g_1_Ch1AQ1Cp;Grossaspach;Zwickau
g_1_YonjhE5P;Hallescher;Braunschweig
g_1_hWSMnhTn;Hansa Rostock;Uerdingen
g_1_6gZxqASB;Meppen;Jena
g_1_ppYtrUsI;Munich 1860;Fortuna Koln
g_1_jq0EPLRj;Preussen Munster;Karlsruher
g_1_QqRUpWca;Unterhaching;Lotte
g_1_WMRQoCrg;Wehen;VfL Osnabruck
g_1_OUqYqjD5;Wurzburger Kickers;Kaiserslautern
g_1_dzpnkVW2;Holstein Kiel II;BSV Rehden
g_1_lY2eS7Pk;Wolfsburg II;Egestorf-Langreder
g_1_rsofP1Po;Alemannia Aachen;Bonner
g_1_x4MkEyHp;B. Monchengladbach II;Dortmund II
g_1_fHlbOLvh;Kaan-Marienborn;Wuppertaler
g_1_OdtFKwvH;Lippstadt;Oberhausen
g_1_p6sBLJOA;RW Essen;Wiedenbruck
g_1_WMqNIH8T;Straelen;Viktoria Koln
g_1_SUn6Ma94;TV Herkenrath;Dusseldorf II
g_1_IJuJJcgN;Verl;Wattenscheid
g_1_h2wboqx5;Elversberg;Balingen
g_1_AwlgnPMb;FC 08 Homburg;Pirmasens
g_1_2Dpolohn;FSV Frankfurt;Stuttgart II
g_1_dzMtwLqo;Hessen Dreieich;Freiburg II
g_1_bat6qN6H;Mainz II;Steinbach Haiger
g_1_xjuArsMN;Ulm;Stadtallendorf
g_1_4xs2p3iB;Walldorf;Mannheim
g_1_Wnkkm57h;Worms;Kickers Offenbach
g_1_CnnQ5lvb;Aschaffenburg;Nurnberg II
g_1_QkjU48g4;Eichstatt;Burghausen
g_1_jgZiKmgi;Garching;Augsburg II
g_1_I54w1QhT;Illertissen;Memmingen
g_1_b3lx3nOG;Ingolstadt II;Schweinfurt
g_1_vF5Z16wN;Pipinsried;Heimstetten
g_1_zoi5dp1p;Schalding;Rosenheim
g_1_lle9e4Gj;SpVgg Bayreuth;Buchbach
g_1_IagjiVhS;Askania Bernburg;Wismut Gera
g_1_banvfX89;FC Ludwigsfelder;Krieschow
g_1_v9fnhBwM;Jena II;Blau-Weiss Zorbau
g_1_dp5sgiOF;Nordhausen II;Einheit Rudolstadt
g_1_lrpMo9Gk;Halle;Inter Leipzig
g_1_IcSQMK91;Eichede;TSV Kropp
g_1_AXOIOtuk;Eutin;TSV Lagerdorf
g_1_S8ZDPMPr;Lubeck II;Neumunster
g_1_GW6pskeG;Schilksee;Flensburg
g_1_lONMN0fe;Bordesholm;NTSV Strand 08
g_1_IBZ2CXjI;Heider SV;SC Weiche-08 II
g_1_SItDNJ27;Meiendorfer SV;Niendorfer TSV
g_1_69uHMwID;Curslack-Neuengamme;Barmbek-Uhlenhorst
g_1_QkxjWmW7;Aumund-Vegesack;Hastedt
g_1_SfGYfX88;BTS Neustadt;OSC Bremerhaven
g_1_4WLKp6P0;Kassel;Waldgirmes
g_1_neBPqQv7;Flieden;Fulda-Lehnerz
g_1_jTHGonAf;Giessen;Friedberg
g_1_hhbB7TWD;Hunfelder;Alzenau
g_1_WrcF6mnK;Lohfelden;Baunatal
g_1_bo9RHI6M;Hassia Bingen;Diefflen
g_1_4nxlZJyc;Rochling;Eintracht Trier
g_1_Chk2BGqj;Arminia Ludwigshafen;Schott Mainz
g_1_jql6Azad;VFB Dillingen;Idar-Oberstein
g_1_fHfcCdUq;Kaiserslautern II;Karbach
g_1_fwxhmiUh;DJK Bamberg;Aubstadt
g_1_pSU4pkEB;Eltersdorf;Wurzburger FV
g_1_ABXXsdhD;Erlangen;Wurzburger Kickers II
g_1_WKYTrxw7;Gebenbach;Seligenporten
g_1_GnwllXEn;Grossbardorf;Ammerthal
g_1_CGBG6uVD;Jahn Forchheim;Neumarkt
g_1_CEWdnBqa;Sand;ATSV
g_1_MPwpkDat;Spvgg Ansbach 09;Abtswind
g_1_j5V0oVb5;Vach;Bayern Hof
g_1_0K8Earoc;Hankofen-Hailing;Ismaning
g_1_ltuds1VS;Holzkirchen;Nordlingen
g_1_jkRNxLwp;Kirchanschoring;Vilzing
g_1_bFUVza8d;Rain/Lech;Dachau
g_1_p8AQdtVF;Regensburg II;Unterfohring
g_1_6HBMcMF9;Schwaben Augsburg;Pullach
g_1_CfCIb203;Schwabmunchen;Kottern-St. Mang
g_1_KOVRyugj;Sonthofen;Munich 1860 II
g_1_0v9ydAqQ;Goppinger SV;Oberachern
g_1_IJe3iUis;Normannia Gmund;Bissingen
g_1_xMB4k8Mg;Pforzheim;Villingen
g_1_dAf7jl7m;Stutt. Kickers;Spielberg
g_1_GCA8lSy0;Backnang;Ger. Friedrichstal
g_1_AZ9Cmni6;Bahlinger;Nottingen
g_1_613LoQLI;Linx;Freiberg
g_1_OxEGn66C;TSV Ilshofen;Ravensburg
g_1_ph2PppyP;Neckarsulmer;Reutlingen
g_1_KGo61yiB;Bremen U19;Dresden U19
g_1_QVTRIxMo;Hannover U19;Osnabruck U19
g_1_CSupfgqo;Jena U19;TSV Havelse U19
g_1_hraDaFLN;Magdeburg U19;RB Leipzig U19
g_1_Ei090e6H;Niendorfer TSV U19;Hamburger SV U19
g_1_z7lIbZzU;St. Pauli U19;Hertha U19
g_1_4MSVHdyh;Wolfsburg U19;Union Berlin U19
g_1_OY39lPnA;Freiburg U19;Augsburg U19
g_1_2TIESsQj;Bayern U19;Mainz U19
g_1_UZA0joIc;FSV Frankfurt U19;Karlsruher U19
g_1_fLQtWGWr;Hoffenheim U19;Stuttgart U19
g_1_jqCdiR2i;Ingolstadt U19;Eintracht Frankfurt U19
g_1_Cb05k5X3;Kaiserslautern U19;Heidenheim U19
g_1_Ie3Dmq2G;Nurnberg U19;Stuttgarter Kickers U19
g_1_dIG74jSP;B. Monchengladbach U19;Dusseldorf U19
g_1_CUUHsTKC;Bochum U19;Schalke U19
g_1_2agz0Azs;Dortmund U19;Duisburg U19
g_1_IRH35WCJ;Koln U19;Leverkusen U19
g_1_U5uDr956;Paderborn U19;Oberhausen U19
g_1_jLTLtmzJ;Rodinghausen U19;Preussen Munster U19
g_1_G2cvaUkm;RW Essen U19;Alemannia Aachen U19
g_1_QNBP7XGP;Boca Gibraltar;Lions Gibraltar
g_1_IF3i3iPt;Lincoln Red Imps;Europa FC
g_1_4vYP4eG3;PAOK;AEK Athens FC
g_1_zJMIHwji;Honved;DVTK
g_1_dYARFHK3;Mezokovesd-Zsory;Haladas
g_1_E9LMGc5c;MOL Vidi;MTK Budapest
g_1_88EVEyzA;Paks;Kisvarda
g_1_n3TzgfDj;Ujpest;Puskas Academy
g_1_8CUWgzbp;Ferencvaros;Debrecen
g_1_hQsWvobq;Szent Mihaly W;Haladas W
g_1_Yu1ap7zM;DVTK W;MLE W
g_1_I71a1KcC;Vestmannaeyjar;Grindavik
g_1_AFJ6abSO;Valur;Akranes
g_1_GYkO2O76;Haukar;Olafsvik
g_1_MVhW02xJ;Njardvik;Thor Akureyri
g_1_AekS1rNC;Magni;Keflavik
g_1_pYylqbVD;Leiknir F.;Vidir
g_1_dIr6KEhD;Selfoss;Fjardabyggd
g_1_4MlMQkFn;Volsungur;Vestri
g_1_277PP9Uh;KFG Gardabaer;Dalvik/Reynir
g_1_McaHRVat;Tindastoll;IR Reykjavik
g_1_ABa3GCjh;Esteghlal Khuzestan;Saipa
g_1_ldBfIYLu;Padideh Khorasan;Sepahan
g_1_OE37FW5b;Paykan;Naft Ahvaz
g_1_xIotaBLH;Persepolis;Machine Sazi
g_1_Iy3BEjL4;Sanat Naft;Esteghlal F.C.
g_1_KtyobVzO;Sepidrood Rasht;Nassaji Mazandaran
g_1_SnAbHhyn;Tractor;Pars Janoobi Jam
g_1_bXZlckjU;Zob Ahan;Foolad
g_1_bBQIWvIP;Al Bahri;Al Zawraa
g_1_QN7Hskji;Waterford;Sligo Rovers
g_1_xvobgvEp;Longford;Cabinteely
g_1_bwZn1NwG;H. Raanana;Beitar Jerusalem
g_1_2odIcTFQ;Maccabi Tel Aviv;Netanya
g_1_4frpgmOs;Yehuda;H. Beer Sheva
g_1_jmbSVuSk;Atalanta;Genoa
g_1_bD1zUJd2;Cagliari;Lazio
g_1_2oSGxC02;Fiorentina;AC Milan
g_1_UcPblWvr;Brescia;Benevento
g_1_29WUjP0t;Carpi;Venezia
g_1_QTKwgCWQ;Crotone;Ascoli
g_1_Qq918iWD;Lecce;Spezia
g_1_bwHFplv7;Padova;Livorno
g_1_8lO2mjfl;Palermo;Cittadella
g_1_2BN6nA9f;Perugia;Cremonese
g_1_xUFJq8gD;Pescara;Salernitana
g_1_GERAoUO0;Verona;Foggia
g_1_b5DrGJK6;Entella;Pordenone
g_1_Qq5TkAg6;Juventus U19;Genoa U19
g_1_GEJmiKkt;Inter U19;Torino U19
g_1_88AOjjv0;Empoli U19;Chievo U19
g_1_tUzYOeiO;Lazio U19;Lecce U19
g_1_n7yUPyxI;Spal U19;Ascoli U19
g_1_2uNgxAkt;Sagan Tosu;G-Osaka
g_1_d2McyU4n;C-Osaka;Yokohama M.
g_1_nDYL6GfB;V-Varen Nagasaki;Albirex Niigata
g_1_UyOQ5zAH;Verdy;Avispa Fukuoka
g_1_8SMU4fPN;Renofa Yamaguchi;Omiya Ardija
g_1_23yY3EvU;Ryukyu;Mito
g_1_SrQgsxQC;Inac Kobe Leonesa W;Parceiro Nagano W
g_1_6ZOctduJ;Nojima Stella W;Kunoichi W
g_1_8v3t5uIJ;Urawa W;JEF United W
g_1_Q3uQM7RB;Taraz;FC Astana
g_1_WttMNmC5;Ertis Pavlodar;Ordabasy
g_1_Au15ULIT;KF Feronikeli;Drita
g_1_SdVJmqJi;Liria;Kek-U
g_1_GI11V13N;Prishtina;KF Llapi
g_1_xMaENsJb;Kant;Dordoi Bishkek
g_1_6e4IM1Y4;Neftchi Kochkor-Ata;Alay Osh
g_1_0lGt6Wff;Auda;New Project
g_1_fBFp5jA0;FK Smiltene;Grobina
g_1_8EJl4AP6;Rezekne;Balvu
g_1_jw9g3UvD;Riga/Staicele;Alberts JDFS
g_1_UT7c2lfJ;Super Nova;Tukums 2000
g_1_dOFpTO4g;Riteriai;Zalgiris
g_1_zFElSrKa;Kauno Zalgiris;Suduva
g_1_8ARWp2ct;Banga;Hegelmann Litauen
g_1_dWcESKsC;Kretinga;Jonava
g_1_YgxrpDWj;PDRM FA;Sarawak FA
g_1_f3wvogHp;Penang;Kelantan
g_1_U7rI2LnI;UiTM;UKM
g_1_Auy13NQS;Felda Utd.;Kuala Lumpur
g_1_EDsh5qdG;Perak;PKNP
g_1_tMU7SnrA;Balzan;Birkirkara
g_1_Q713dcR9;U.A.N.L.- Tigres W;Monterrey W
g_1_thq5bpf0;Dinamo-Auto;Petrocub
g_1_bTg0aQvf;Milsami;Codru Lozova
g_1_htEqfqXb;Grbalj;Zeta
g_1_INLWdomt;Lovcen;Rudar
g_1_dEKzd52n;Mornar Bar;Iskra
g_1_t2pRy2HU;OFK Petrovac;Buducnost
g_1_EkFuePHh;Sutjeska;Titograd
g_1_QqyXtyK4;GVVV;Barendrecht
g_1_fLt8YCRp;HFC;Spakenburg
g_1_4zzyteZA;HHC;Kozakken Boys
g_1_zHJfdGJi;Scheveningen;De Treffers
g_1_IaktwgJT;IJsselmeervogels;Jong Vitesse
g_1_OxjxvZ3N;Excelsior Maassluis;AFC
g_1_pniYvFlH;Jong Sparta Rotterdam;Katwijk
g_1_dQKjcd4o;Rijnsburgse Boys;Lienden
g_1_4jObezZc;VVSB;Jong Almere City
g_1_n54TGY7J;Ajax (Am);ONS Sneek
g_1_Qe3XFhNP;DVS '33 Ermelo;ODIN '59
g_1_xzNxfB06;Harkemase Boys;Lisse
g_1_WdMtgVFC;Noordwijk;VV DOVO
g_1_AmLphkVI;Stedoco;Eemdijk
g_1_ryjaBCVt;ASWH;Achilles 29
g_1_v3q89j0g;Jong Groningen;SJC Noordwijk
g_1_dvf3AWpm;Quick Boys;VVOG
g_1_IgrC8AFa;De Dijk;Hoek
g_1_8OOQcce4;TEC;KVV Quick 20
g_1_bXTm2vTG;Ajax W;PEC Zwolle W
g_1_U1q3xvPG;Glentoran;Cliftonville
g_1_4nGTOGI6;Lillestrom;Rosenborg
g_1_lGZwzFeB;Sogndal;KFUM Oslo
g_1_4Yfs3s5J;Sola;Nardo
g_1_29zIdurm;Byasen;Fredrikstad
g_1_l6WDcLSt;Arendal;Moss
g_1_CY0t7dL5;Asane;Floro
g_1_IDhE3NED;Asker;Grorud
g_1_vL2Y8Ijg;Kjelsas;Baerum Sportsklubb
g_1_6TodS6iE;Oppsal;Fram
g_1_pUyoyWAP;Spjelkavik;Eidsvold
g_1_zaffE83C;Herd;Rommen SK
g_1_nwOCWkJt;Sunndal;Traeff
g_1_KlXXooz5;Ready;Lyn
g_1_QTS9sWrJ;Drobak-Frogn;Orn
g_1_j9qLlmjn;Frigg;Halsen
g_1_x6uHkTzt;Tonsberg;Ullern
g_1_COXTnRKb;Norild;Follo
g_1_SOct2r8C;Flint;Bryne 2
g_1_tMz3Jqwm;Vindbjart;Viking 2
g_1_vsSlFDia;Stord;Vestfossen
g_1_lhZyIF7t;Djerv 1919;V. Haugesund
g_1_A7NpGgxg;OS TF;Fyllingsdalen
g_1_Me45N5Ka;Steinkjer;Orkla
g_1_INcELqkC;Tiller;Gjovik-Lyn
g_1_4KgAMPZ5;Strindheim;Melhus
g_1_zu2gQ7zs;Ranheim 2;Nybergsund
g_1_0ITEXJIm;Bodo/Glimt 2;Harstad
g_1_fiuAiuAJ;Tromso 2;Leknes
g_1_UcLVTyIC;Melbo;Skjervoy
g_1_8lKZSeXI;Skjetten;Gjellerasen
g_1_2By9dkTk;LSK Kvinner W;Lyn W
g_1_8AJzFcqH;Avaldsnes W;Stabaek W
g_1_OKx5cVDq;Klepp W;Valerenga W
g_1_dYzDe9rd;Roa W;Fart W
g_1_88vHfTc2;Trondheims-Orn W;Sandviken W
g_1_IXlYFRZr;Arabe Unido;Alianza
g_1_8MsoDPJ1;Costa del Este;Independiente
g_1_n7gxFokk;Deportivo Universitario;Miguelito
g_1_QchtE54e;Plaza Amador;Tauro
g_1_GO26K7RR;San Francisco;Santa Gema
g_1_vBJOlvHG;Dep. Capiata;San Lorenzo
g_1_MZ8TmbWM;Diaz;Nacional Asuncion
g_1_2aakAUZ5;AD Cantolao;U. de Deportes
g_1_dnUlCj5g;Sport Boys;Carlos Mannucci
g_1_zDcc884I;Binacional;Union Comercio
g_1_489uA9R8;Cracovia;Lech Poznan
g_1_6970Wdvt;Slask Wroclaw;Plock
g_1_6ZzfBD8U;Legnica;Gornik Z.
g_1_lQdebQzi;Warta Poznan;GKS Katowice
g_1_zNhia6Lp;Bytovia Bytow;Chrobry Glogow
g_1_WlMu6xfc;Garbarnia;Olsztyn
g_1_vi7L4ScN;LKS Lodz;Chojniczanka
g_1_Is6P3nDT;Podbeskidzie;Odra Opole
g_1_rPDC6lTA;Sandecja Nowy S.;Rakow
g_1_hbNy7Ivi;Stal Mielec;Termalica B-B.
g_1_l2E87UD4;Suwalki;Puszcza
g_1_IqXXjqep;Elblag;R. Rzeszow
g_1_dzWyj3Aj;Ol. Grudziadz;Elana Torun
g_1_baj1d5XM;Pruszkow;Gryf Wejherowo
g_1_pdCWBpX9;Radomiak Radom;Siarka Tarnobrzeg
g_1_xjk5ePnT;Rozwoj Katowice;ROW Rybnik
g_1_OtOND62c;Ruch;Blekitni Stargard
g_1_4xiccoIG;S. Wola;Leczna
g_1_65DSCQH3;Skra;Pogon Siedlce
g_1_vJXTgxr0;Ruch Chorzow U18;Lech Poznan U18
g_1_OM1YjzSI;Gornik Z. U18;Escola Warszawa U18
g_1_nLhk1KkQ;Jagiellonia U18;Legia U18
g_1_I9WXhdc6;GKS Belchatow U18;Wisla U18
g_1_lUvHdvbs;Zaglebie U18;Torun U18
g_1_vgYl1Fts;Portimonense;Maritimo
g_1_t6Uj32CR;Santa Clara;Feirense
g_1_8GEVeK41;Boavista;Braga
g_1_juKQd0ke;Sporting;Tondela
g_1_8xvjyWGs;Leixoes;Ferreira
g_1_KWHcfBNJ;Academico Viseu;Penafiel
g_1_A1z7XmG6;Benfica B;Guimaraes B
g_1_WCGMhbnF;Arouca;Estoril
g_1_IXzjO5S9;Gil Vicente;AD Limianos
g_1_vkxZawXd;Valadares Gaia W;Ovarense W
g_1_v9pw5Sun;Sepsi;FCSB
g_1_zcXQKVy1;FC Hermannstadt;Concordia
g_1_EsqIMi7l;Poli Iasi;Calarasi
g_1_Mg9LUda6;Aerostar;Poli Timisoara
g_1_WOjCiK6J;Energeticianul;Sportul Snagov
g_1_SC75Yv0s;Luceafarul Oradea;Daco-Getica Bucuresti
g_1_j9XrnbUt;Metaloglobus;Pandurii
g_1_lSeEWIUg;Petrolul;Braila
g_1_AFkGjvMP;Chindia Targoviste;Balotesti
g_1_IL2USzUI;Politehnica Timisoara;Academica Clinceni
g_1_KSRO3atM;Yenisey;Krasnodar
g_1_C2OG5LB9;Akhmat Grozny;FK Krylya Sovetov Samara
g_1_hvchMreF;Luch;Spartak Moscow 2
g_1_2DnSFtYr;R. Volgograd;Tyumen
g_1_pxxXE0mk;Zenit Petersburg 2;M. Saransk
g_1_zeIWlmg9;Nizhny Novgorod;Krasnodar 2
g_1_AF7mNOu9;Shinnik Yaroslavl;Tomsk
g_1_dC3qO4Q2;Kursk;Sochi
g_1_UPwqCbX7;Armavir;Sibir
g_1_WUedL2AL;F. Voronezh;Chertanovo M.
g_1_dCuyEK2e;Baltika;SKA Khabarovsk
g_1_YaRDJXuB;Khimki 2;Kvant
g_1_4tBXZhQi;Saratov;Kaluga
g_1_EBrBIieH;Ryazan;Khimik Novomoskovsk
g_1_h2sFHBAN;Salyut-Belgorod;Lipetsk
g_1_nPtJGVPT;FK Strogino Moscow;D. Bryansk
g_1_QkCTzZAo;Saturn Ramenskoye;Krasnogorsk
g_1_bHwRmMrL;Dynamo Stavropol;Volgar-Astrakhan
g_1_nszNl2TE;Mashuk;Urozhay
g_1_ttTVntbR;Maykop;Spartak Nalchik
g_1_C6Mw0FH9;Vladikavkaz;Krasnodar 3
g_1_M991Iovq;Kolomna;Murom
g_1_2JH9GP8e;Leningradets;Tekstilshtik
g_1_ppnYZD9G;Znamya Truda;Chertanovo M. 2
g_1_4Yb6H5gk;Pskov 747;Dolgoprudny
g_1_dtHDFqO1;Dnepr Smolensk;Veles Moscow
g_1_zXFHE3w8;Lokomotiv-Kazanka;Vladimir
g_1_GAolyMs5;Akhmat Grozny U21;Krylya Sovetov Samara U21
g_1_0GSDisSo;Spartak Moscow U21;Ufa U21
g_1_v7RHj1sh;Zenit Petersburg U21;CSKA Moscow U21
g_1_2sGgW084;La Fiorita;Libertas
g_1_MVQWsvAJ;Al Batin;Ohod
g_1_ET5Bzd2g;Al Wehda;Al Qadisiya
g_1_Mg9JYZW5;Al-Ettifaq;Al-Hilal
g_1_0MPzsbPP;Al-Faisaly;Al Ahli SC
g_1_hEH2xIXt;Al-Hazem;Al-Nassr
g_1_W4G6yxmm;Al-Ittihad FC;Al-Fateh
g_1_KQnlJfXI;Al-Raed;Al Feiha
g_1_SW9FZFHa;Al-Shabab;Al-Taawon
g_1_EXVtHm99;Al Khaleej;Al Adalh
g_1_trGL951q;Al Najoom;Al Mojzel
g_1_AaPkFRwM;Al-Kawkab;Al Ansar
g_1_SzzoG7OF;Damac;Al Ain
g_1_SbIglXb4;Kilmarnock;Hibernian
g_1_6DLFgSzp;Livingston;Dundee FC
g_1_nPxDhnjj;St Johnstone;Motherwell
g_1_pxhPfet0;Inverness;Ayr
g_1_Cj85zRfo;Forfar Athletic;Raith
g_1_zRpxhgQI;Queen of South;Montrose
g_1_0S2jtHr4;Clyde;Edinburgh City
g_1_nPbnscTc;Stenhousemuir;Annan
g_1_YN7RYb1j;Cove Rangers;Berwick
g_1_WM1gsMJG;Mladost;Cukaricki
g_1_0d6cttZM;Napredak;Radnicki Nis
g_1_vm51u0lT;Vojvodina;Partizan
g_1_0xrL39Wm;Din. Vranje;Sp. Subotica
g_1_vTtP2Tof;FK Vozdovac;Backa
g_1_bVdQ07G6;Macva;Rad Beograd
g_1_KvbM1m10;Zemun;Radnik
g_1_fBJZnl4s;FK Indjija;Zlatibor Cajetina
g_1_h2X7iUeQ;Radnicki 1923;Metalac
g_1_zmEwnBWk;Geylang;Brunei DPMM
g_1_M7jw4UZp;Young Lions;Warriors
g_1_KGmuFrLQ;Slovan Bratislava;Zilina
g_1_f9v7A2Ts;Dun. Streda;Sered
g_1_lWwB9Mrl;Michalovce;Ruzomberok
g_1_hQy1KbE3;Nitra;Senica
g_1_6Tu5JIT9;Trnava;Podbrezova
g_1_lhV9IxqG;Z. Moravce;Trencin
g_1_rs5dZq5t;Banska Bystrica;Dubnica
g_1_YHIzIrz6;Komarno;I. Bratislava
g_1_QPzrGM4I;L. Mikulas;Poprad
g_1_jgTVIOKa;Lipany;Samorin
g_1_tYIUwQdP;Presov;Petrzalka
g_1_4GZoFtKO;Skalica;Bardejov
g_1_tnpjzJQl;Krsko;Mura
g_1_S2n2XGA7;Maribor;NK Olimpija Ljubljana
g_1_0tYqvj3d;Nafta;Dob
g_1_2ojcmftA;Beltinci;Ankaran
g_1_OfiglzR3;Drava;Tabor Sezana
g_1_8rg5oYAM;Jadran Dekani;Fuzinar
g_1_MkZuuWmj;NK Krka;Rogaska
g_1_j7rAphQS;Radomlje;Brezice
g_1_WS29y1re;Baroka;Maritzburg Utd
g_1_tp5RqPzF;Black Leopards;Cape Town City
g_1_Kz4VrqjL;Bloem Celtic;Amazulu
g_1_Ysp6xsTl;Chippa Utd.;Kaizer Chiefs
g_1_vLp2wNDr;Free State Stars;Mamelodi Sundowns
g_1_xCbzr35R;Golden Arrows;Bidvest Wits
g_1_nN5Np5L8;Orlando Pirates;Polokwane
g_1_EihEzLc1;Supersport Utd;Highlands
g_1_G6qRPE6t;Incheon;Pohang
g_1_ATrVOYLn;Seoul;Daegu
g_1_dndlHlBj;Seoul E.;Daejeon
g_1_OhpWuYmi;Jeonnam;Suwon City
g_1_EowvAxdc;Cheonan City;Busan Kyotong
g_1_0rZZAIti;Daejeon Korail;Gimhae
g_1_nuohnZ3j;Gyeongju KHNP;Gangneung
g_1_dASr9dB3;Mokpo City;Changwon
g_1_EJYLwc8q;Gijon;Lugo
g_1_SMxQxHNk;Gimnastic;Mallorca
g_1_APjfPcgj;Extremadura UD;Zaragoza
g_1_xxWhpaVF;Numancia;Alcorcon
g_1_pvHNybJI;Dep. La Coruna B;Navalcarnero
g_1_WWlJOj15;Bezana;Naval Reinosa
g_1_Cj6lvW0h;Guarnizo;Textil Escudo
g_1_EevONAGB;Laredo;Barreda Balompie
g_1_4Q2tthWu;Revilla;Siete Villas
g_1_hnwSMUVH;Rinconeda Polanco;Tropezon
g_1_IT6puCon;Santander B;Ribamontan al Mar
g_1_js5hwjGb;Torina;Cayon
g_1_0CxWLloO;UD Samano;Solares
g_1_v3yzL80U;Union Montanesa Escobedo;Atletico Albericia
g_1_ITpFPWoa;Vimenor;Velarde
g_1_thBErarj;Santboia;L Hospitalet
g_1_8EgySqik;Alzira;Silla CF
g_1_v1UV9fg2;Leganes B;San Agustin
g_1_fXj1PZhk;RSD Alcala;Villaverde San Andres
g_1_63nrlS30;La Virgen;Briviesca
g_1_Q3gfoQmJ;Burgos Promesas;Sporting Uxama
g_1_GW45hsen;Almazan;Real Avila
g_1_Y7aAi1Ah;Atl. Astorga;La Granja
g_1_xUsvk8lf;Atl. Tordesillas;Cristo Atletico
g_1_xt61gNut;Santa Marta Tormes;Leonesa 2
g_1_bibVCKfP;River Melilla;Antequera
g_1_lMGvjcmC;CD Alhaurino;El Palo
g_1_OvafHCh2;San Roque;Ceuta
g_1_lM6sKE8q;Atletico Espeleno;Ciudad de Lucena
g_1_biQPWihk;Xerez CD;Cordoba B
g_1_bs3mWF44;Ibiza Islas Pitiusas;Mercadal
g_1_t6hhVZJA;San Rafael;Constancia
g_1_SMj0TDlN;Esporles;Alcudia
g_1_pvaqXekb;Murense;Felanitx
g_1_KdidUgZG;Poblense;Santanyi
g_1_CAQgKvNe;Atletico Union Guimar;Panaderia Pulido San Mateo
g_1_ImRkLK7k;Las Zocas;Lanzarote
g_1_fqRKi3DH;Aguilas FC;Real Murcia B
g_1_KlirvpqI;EDMF Churra;Ciudad Cieza
g_1_tbhvuQTB;Mar Menor;CD Algar
g_1_pbRYbwCB;Pueblonuevo;Merida AD
g_1_f9YL1uSh;Valdelacalzada;Cacereno
g_1_jySUaJd5;CD Calamonte;CD Coria
g_1_fLGOS47a;Beti Kozkor;Cirbonero
g_1_4WNBV6Nt;Cortes;AD San Juan
g_1_2NypzmFP;Alesves;Pena
g_1_fLfgDP7C;Burlades;Subiza
g_1_M7IGUQxm;CD Baztan;CD Cantolagua
g_1_neioFow0;CD Corellano;Beti Onak
g_1_GUekE5h6;Ezcabarte;Osasuna B
g_1_xppbCqNI;Huarte;CD Ardoi
g_1_0bHKTphg;Mutilvera;Txantrea
g_1_lKm2B3xP;Pamplona;Valle Egues
g_1_4nCef8fG;Alfaro;Haro Deportivo
g_1_rwTIUuzi;San Juan Zaragoza;San Lorenzo Flumen
g_1_j1HFLq19;Azuqueca;La Roda
g_1_fZN6N5Wd;Madridejos;Villarrobledo
g_1_8xSAMPo3;Villacanas;Quintanar
g_1_xbit7pnG;Tomelloso CF;Ciudad Real
g_1_tWZObMgd;Villarrubia;Albacete B
g_1_GAPQUvhF;Atl. Madrid W;Real Sociedad W
g_1_8z5SbLHK;Ostersunds;Hacken
g_1_xCA3jcP0;AFC Eskilstuna;Falkenbergs
g_1_nR3WcuXQ;Kalmar;Helsingborg
g_1_ED5Oa12E;Sundsvall;Orebro
g_1_vmsYkFAM;Trelleborgs;Halmstad
g_1_MBWxkZPS;Brommapojkarna;Degerfors
g_1_biAf7Guc;Varbergs;Dalkurd
g_1_QqwUjeeG;Orgryte;Jonkopings
g_1_0MLw8h3e;Bodens;Team TG FF
g_1_UXseGGeF;Karlslunds;Gefle
g_1_S8NV9EYr;Sollentuna;Rynninge
g_1_d6UmIxR2;Sylvia;Forward
g_1_zP3qB9qf;Landskrona;Lunds
g_1_h25G7zw2;Assyriska IK;Eskilsminne
g_1_MLauCkUm;Ljungskile;Trollhattan
g_1_f7qaWJF2;Torns;Lindome
g_1_fHnD8GNe;Utsiktens;Skovde AIK
g_1_xMu66hwc;IFK Umea;Kramfors-Alliansen
g_1_ABXI3jNF;Sandviks;Skelleftea
g_1_WKYE4W79;Taftea IK;Friska Viljor
g_1_IyyR1UiS;Anundsjo;Umea FC
g_1_voxN2AxM;Gottne IF;Timra
g_1_GO0QFBoS;Skiljebo;Kvarnsvedens
g_1_8GhhBVgq;Enkopings SK;Kungsangens
g_1_n7idAk9k;Taby;Upsala
g_1_nq99Jgn3;Valbo FF;Karlbergs
g_1_f9CHHXGF;Hudiksvalls;Lidingo IFK
g_1_t68DID19;IFK Stocksund;Mora
g_1_6mSh3mmo;Eslovs;Ullareds IK
g_1_z5yN89PN;Olympic;IFK Malmo
g_1_4vtR7TvU;Stafsinge;Hittarps
g_1_8h6ySWPo;Halmia;Rosengard
g_1_ht8mPU94;Angelholms;Prespa Birlik
g_1_0xMmtA4H;Haninge;Motala
g_1_ABBNZ7so;Huddinge;Enskede
g_1_A3HbbiKo;Tyreso;Sodertalje FK
g_1_82PevlZT;Arameisk-Syrianska;Aspudden Tellus
g_1_EuQiuUJN;Assyriska IF;AFK Linkopings
g_1_ANwmPBci;Savedalens;Grebbestads
g_1_ImseNkS3;Amal;Gauthiod
g_1_8Ia40SKj;Tidaholm IFK;Torslanda
g_1_dvtaM9sA;Nordvarmland;Vanersborgs IF
g_1_OQsiOVCc;Vanersborgs FK;Orebro Syr.
g_1_00vhBD9k;Husqvarna;Nassjo
g_1_lMKnXfW8;IFK Berga;Dalstorps
g_1_lQzlCgfq;Nosaby IF;Almeboda/Linneryd
g_1_WpAiWEoF;Rappe GOIF;Osterlen FF
g_1_rPTdAXOe;Raslatts;Asarums
g_1_6Tw3UVJI;Orebro W;Vaxjo DFF W
g_1_xlnnYDKg;Vittsjo W;Eskilstuna United W
g_1_C6vaVB4C;Goteborg W;Djurgarden W
g_1_b3zeWik6;Linkopings W;Kungsbacka W
g_1_pKx7TkZO;Bunkeflo W;Rosengard W
g_1_Gro558bt;Kvarnsvedens W;Lidkopings FK W
g_1_vNgwAljP;Mallbackens W;IF Brommapojkarna W
g_1_xIFfo5DO;Moron W;Uppsala W
g_1_A5p94SDn;Kalmar W;AIK W
g_1_ldqD3nTh;Asarums W;Umea W
g_1_SOR61NiP;Thun;Lugano
g_1_888Ov0pC;Xamax;Zurich
g_1_dYKFBGYF;Kriens;Wil
g_1_rVGBCdJ9;Schaffhausen;Aarau
g_1_WAV6WBRu;Vaduz;Winterthur
g_1_06R6Dx43;Chiasso;Rapperswil
g_1_KMMRJalh;Wohlen;Bellinzona
g_1_8rcD0xlU;Cham;Basel II
g_1_b7YILLJu;Koniz;Munsingen
g_1_YPQVIJ3b;La Chaux-De-Fonds;Yverdon
g_1_OEJrGHmH;Sion II;Zurich II
g_1_6wPwHcYA;YF Juventus;Bavois
g_1_SnQZHwJ4;Bruhl;Breitenrain
g_1_xbXMKuZo;Lausanne Ouchy;Stade Nyonnais
g_1_8WzZLhZj;Azzurri Lausanne;Bulle
g_1_ddXUMYJp;Echallens;Thun II
g_1_KU4NSO73;Etoile-Carouge;Young Boys II
g_1_C41FUpwi;Fribourg;Lausanne II
g_1_bL3RRrN9;Meyrin;Chenois
g_1_jROT0qwT;Grasshopper II;Black Stars
g_1_0xWG3ogA;Old Boys;Solothurn
g_1_82ZO1PNM;Buochs;Luzern II
g_1_QJFed3op;Zofingen;Schotz
g_1_KtFaeN0j;Biel;Bassecourt
g_1_vwKk1M7h;Mendrisio;United Zurich
g_1_Sbj2FXq0;Eschen;Red Star Zurich
g_1_0h8ba0x5;Linth;Baden
g_1_EeC2bKiB;Tuggen;St. Gallen II
g_1_ITIg0tNb;Wettswil-Bonstetten;Kosova
g_1_8IB6cv7H;Winterthur II;Hongg
g_1_n9AAdbMN;Gossau;Thalwil
g_1_8pzs29Pn;Young Boys W;Grasshoppers W
g_1_GAwk0mfa;Zurich W;FF Lugano 1976 W
g_1_Mmvo1Tvg;Basel W;Yverdon W
g_1_QLpx3kAt;Servette Geneve FC W;Luzern W
g_1_8x8G4zII;Buriram;Nakhon Ratchasima
g_1_nT6K3fXO;Chonburi;Trat FC
g_1_lYp3SwAP;Muang Thong Utd;Samut Prakan City
g_1_OQyVNcIt;Chiangrai Utd;PTT Rayong
g_1_lUhzgMT4;Ben Guerdane;Monastir
g_1_Msiri0bH;Bizertin;Stade Gabesien
g_1_KIWIpbyo;Esperance Tunis;JS Kairouan
g_1_SKivhtqB;Gabes;Hammam-Lif
g_1_I9pikvTT;Metlaoui;Club Africain
g_1_8Iywf2Eb;Sfaxien;Etoile Sahel
g_1_zoenjKDN;US Tataouine;Stade Tunisien
g_1_vNaYeuVS;Bousalem;Stade Gabesien
g_1_Mo5TdLFM;Esperance Tunis;Monastir
g_1_Ucy3sLNt;Rizespor;Galatasaray
g_1_CM4xRaw0;Fenerbahce;Akhisarspor
g_1_IJ7pPw8C;Goztepe;Sivasspor
g_1_UuAoiKXJ;Elazigspor;Afjet Afyonspor
g_1_2ZHaTGuD;Eskisehirspor;Adanaspor AS
g_1_SAhr0jdJ;Merw;Balkan
g_1_tEtQOZYJ;Sagadam;Kopetdag Asgabat
g_1_Y5YiJ230;Mariupol;Lviv
g_1_0hzpLOYm;Dyn. Kyiv;FK Zorya Luhansk
g_1_vqZmKrlf;Shakhtar Donetsk;Oleksandriya
g_1_tW7YQu48;Hirnyk-Sport;Metalist 1925
g_1_EPJj2dR7;Rukh Vynnyky;Ahrobiznes Volochysk
g_1_hAVs4Ide;Kolos Kovalyovka;Sumy
g_1_zZKn3xC1;Mykolaiv;Volyn Lutsk
g_1_v7Rw5bsk;Prykarpattya;Dnipro-1
g_1_2odsPJYK;Kramatorsk;Zirka Kropyvnytskyi
g_1_Y3eYCaJU;Cherkashchyna-Ak.;Bukovyna
g_1_OSzrX24n;Veres-Rivne;Minaj
g_1_WhGJzrNC;Hornostayivka;Hirnyk Kryvyi Rih
g_1_OOdAc5UP;Nova Kakhovka;Real Pharma
g_1_2JBFyO76;MFC Metalurh;Nikopol
g_1_KfUjVtZb;Nyva Ternopil;Kyiv-Sviatoshyn
g_1_6iQnWMJh;Podillya Khmelnytskyi;Zhytomyr
g_1_rFYRKFVF;Al Wahda;Ajman
g_1_QwOWJZpM;Al Wasl;Al Sharjah
g_1_4UMzJg0S;Dibba Al Fujairah;Al Ain
g_1_Cl1MIMj6;Progreso;Fenix
g_1_IR1IJ2y0;Defensor Sp.;River Plate
g_1_Ma89LO6m;Juventud;Plaza Colonia
g_1_r995M4is;Liverpool M.;Danubio
g_1_nP8zSQTJ;Racing Montevideo;Cerro Largo
g_1_4OcEKrMg;Rampla Juniors;CA Cerro
g_1_QF7vRpqQ;Wanderers;Boston River
g_1_8EZCCrkl;Vancouver Whitecaps;Portland Timbers
g_1_2yZGB24f;Cincinnati;Montreal Impact
g_1_WMPVbko1;FC Dallas;New York Red Bulls
g_1_tSXKAMJ0;Toronto FC;Philadelphia Union
g_1_lbKzb907;Los Angeles Galaxy;New York City
g_1_0O0LcLKL;Hartford;Memphis
g_1_Cb4PduzS;Austin Bold;Oklahoma City Energy
g_1_Uwiiharq;Phoenix Rising;Rio Grande
g_1_OOlVGjd2;North Texas;Orlando City B
g_1_jX75ioPQ;Cincinnati Dutch Lions;West Virginia
g_1_dEpYn5Xs;North Carolina II;Lionsbridge
g_1_AHlxnPnl;Golden State Force;Glens SC
g_1_4vltoq2f;Ventura;Breakers FC
g_1_rVnpp3H0;Victoria Highlanders;Lane United
g_1_CCZeD2oK;Sky Blue W;Washington Spirit W
g_1_fyP0CM0Q;Utah Royals W;Houston Dash W
g_1_2cWbU4zm;Din. Samarkand;AGMK
g_1_G0z3TOkg;Pakhtakor;Navbahor Namangan
g_1_4vS8TedI;Metropolitanos;Atl. Venezuela
g_1_zwRlhjDD;Nam Dinh;Than Quang Ninh
g_1_dnSpgWc7;Thanh Hoa;Ha Noi FC
g_1_xr5XGZkE;Ho Chi Minh;BHTS Quang Nam
g_1_0jwIk2Hj;Caernarfon;Cardiff Metropolitan
g_1_UZE3Qjbt;Latvia U19 W;Faroe Islands U19 W
g_1_KMItGaVS;Chicken Inn;Highlanders
g_1_QNPXHL0G;Harare City;Bulawayo Chiefs
g_1_xbTyHuGM;Mushowani Stars;Black Rhinos
g_1_MV48BJwp;ZPC Kariba;Ngezi Platinum FC
